company_id,departamento,municipio,latitud,longitud,tipo_ubicacion
100001,San Salvador,San Salvador,13.6929,-89.2182,Sintetica
100002,La Libertad,Santa Tecla,13.6769,-89.2797,Sintetica
100003,Santa Ana,Santa Ana,13.9942,-89.5597,Sintetica
100004,San Miguel,San Miguel,13.4833,-88.1833,Sintetica
100005,La Paz,Zacatecoluca,13.5086,-88.8686,Sintetica
100006,Ahuachapán,Ahuachapán,13.9214,-89.845,Sintetica
100007,Sonsonate,Sonsonate,13.7189,-89.7242,Sintetica
100008,Chalatenango,Chalatenango,14.0381,-88.9322,Sintetica
100009,Cuscatlán,Cojutepeque,13.7228,-88.9353,Sintetica
100010,Cabañas,Sensuntepeque,13.8761,-88.6331,Sintetica
100011,San Vicente,San Vicente,13.6442,-88.7778,Sintetica
100012,Usulután,Usulután,13.3444,-88.4392,Sintetica
100013,Morazán,San Francisco Gotera,13.6928,-88.1025,Sintetica
100014,La Unión,La Unión,13.3369,-87.8439,Sintetica
100015,San Salvador,Soyapango,13.7139,-89.1397,Sintetica
100016,San Salvador,Mejicanos,13.7314,-89.1914,Sintetica
100017,San Salvador,Apopa,13.8058,-89.1783,Sintetica
100018,La Libertad,Antiguo Cuscatlán,13.6733,-89.2536,Sintetica
100019,La Libertad,Colón (Lourdes),13.7258,-89.3667,Sintetica
100020,Santa Ana,Metapán,14.3311,-89.4447,Sintetica
100021,Santa Ana,Chalchuapa,13.9856,-89.6806,Sintetica
100022,Sonsonate,Izalco,13.7431,-89.6731,Sintetica
100023,Usulután,Jiquilisco,13.315,-88.5839,Sintetica
100024,San Miguel,Ciudad Barrios,13.7631,-88.2614,Sintetica
100025,La Libertad,Puerto de La Libertad,13.4883,-89.32,Sintetica
