company_id,departamento,municipio,latitud,longitud,product_area,incident_count,deployment_count,failed_deployments,rollback_count,total_downtime_min,avg_lead_time_hours,avg_resolution_time_hours,avg_cpu_usage_pct,avg_memory_usage_pct,avg_response_time_ms,avg_error_rate_pct,avg_availability_pct,avg_requests_per_minute,deployment_failure_rate_pct,rollback_rate_pct
100001,San Salvador,San Salvador,13.6929,-89.2182,"Analytics, Auth, Billing, Mobile, Notifications",138,520,57,57,38921,12.34592311111111,6.151875,55.946215509854326,57.47093059125964,518.7895029991431,4.92305441302485,97.46493011996573,5040.079134532991,10.961538461538462,10.961538461538462
100002,La Libertad,Santa Tecla,13.6769,-89.2797,"Analytics, Auth, Billing, Data Pipeline, Mobile, Notifications",174,703,75,75,56011,12.176201431492844,6.135579268292683,58.31146519410977,57.505787817938426,524.6431057563588,5.087637550200803,97.50134106425702,5087.235809906291,10.668563300142248,10.668563300142248
100003,Santa Ana,Santa Ana,13.9942,-89.5597,"Analytics, Auth, Billing, Data Pipeline, Mobile, Notifications",150,580,62,62,49371,12.230168650793651,6.252262773722627,58.40813189143341,59.25302798982188,546.4465648854962,5.061276505513147,97.49448261238336,5131.681721798134,10.689655172413794,10.689655172413794
100004,San Miguel,San Miguel,13.4833,-88.1833,"Analytics, Auth, Billing, Mobile, Notifications",137,516,60,60,42661,12.398093366886052,6.6277864583333335,57.13587797619048,57.321398809523814,536.9519557823129,5.266483843537415,97.42518388605441,5096.254039115646,11.627906976744185,11.627906976744185
100005,La Paz,Zacatecoluca,13.5086,-88.8686,"Analytics, Auth, Billing, Data Pipeline, Mobile, Notifications",171,699,66,66,50820,13.093747925311202,6.293589743589743,56.64961156328936,58.809128683693515,511.3458274862008,5.2479983160258215,97.60013171952474,4969.529600523903,9.44206008583691,9.44206008583691
100006,Ahuachapán,Ahuachapán,13.9214,-89.845,"Analytics, Auth, Billing, Mobile, Notifications",145,506,49,49,43758,12.712723796033993,6.459251968503938,57.33628979400749,59.355667134831464,523.1884363295881,5.111584737827715,97.41958497191011,5273.823501872659,9.683794466403162,9.683794466403162
100007,Sonsonate,Sonsonate,13.7189,-89.7242,"Analytics, Auth, Billing, Data Pipeline, Mobile, Notifications",190,694,70,70,58449,12.313858948769127,6.30396551724138,55.964894876912844,56.557472721224215,523.2812375249501,5.089024617431804,97.33798303393213,5104.619194943447,10.086455331412104,10.086455331412104
100008,Chalatenango,Chalatenango,14.0381,-88.9322,"Analytics, Auth, Billing, Data Pipeline, Mobile, Notifications",167,508,51,51,57516,12.198785247432307,5.979086757990868,58.885570530098825,57.6541576819407,494.39285714285717,5.021650943396226,97.45516419586703,4804.9490116801435,10.039370078740157,10.039370078740157
100009,Cuscatlán,Cojutepeque,13.7228,-88.9353,"Analytics, Auth, Billing, Data Pipeline, Mobile, Notifications",186,669,75,75,52992,12.353012152777778,6.108730158730158,56.73345265151515,55.9879375,520.5325757575757,5.04019696969697,97.48538333333333,4868.8140151515145,11.210762331838566,11.210762331838566
100010,Cabañas,Sensuntepeque,13.8761,-88.6331,"Analytics, Auth, Billing, Data Pipeline, Mobile, Notifications",168,721,77,77,49124,12.39404614873838,6.289635761589404,58.67437415654521,58.38932860998651,501.6769568151147,5.023598178137651,97.49459159919029,4934.746120107962,10.679611650485436,10.679611650485436
100011,San Vicente,San Vicente,13.6442,-88.7778,"Analytics, Auth, Billing, Mobile, Notifications",114,450,47,47,30269,12.809784591194969,6.31715873015873,59.99144658753709,58.7066765578635,543.8044015825915,4.961315529179031,97.45911053412462,5119.961671612265,10.444444444444445,10.444444444444445
100012,Usulután,Usulután,13.3444,-88.4392,"Analytics, Auth, Billing, Mobile, Notifications",123,476,45,45,37883,12.379322916666668,6.103538011695906,58.12880214723926,56.572353271983644,531.6681492842537,4.989120654396729,97.56858287321063,5058.4755623721885,9.453781512605042,9.453781512605042
100013,Morazán,San Francisco Gotera,13.6928,-88.1025,"Analytics, Auth, Billing, Data Pipeline, Mobile, Notifications",190,661,67,67,61189,12.49218152173913,6.083057228915663,57.17041389504804,56.57433850702143,537.8021064301552,5.2474963045085,97.53634848484849,4916.613082039911,10.136157337367626,10.136157337367626
100014,La Unión,La Unión,13.3369,-87.8439,"Analytics, Auth, Billing, Mobile, Notifications",118,514,49,49,33624,12.64849423631124,6.655607476635514,58.06212962962963,56.37790790790791,514.3956456456457,4.972422422422422,97.45659484484484,4893.03978978979,9.53307392996109,9.53307392996109
100015,San Salvador,Soyapango,13.7139,-89.1397,"Analytics, Auth, Billing, Mobile, Notifications",149,539,74,74,47121,12.318862179487178,6.006875000000001,58.06789424951267,56.2194186159844,522.5511695906433,5.1285570175438595,97.53786481481481,4993.579191033138,13.729128014842301,13.729128014842301
100016,San Salvador,Mejicanos,13.7314,-89.1914,"Analytics, Auth, Billing, Data Pipeline, Mobile, Notifications",165,646,55,55,50013,13.237184782608695,6.672371794871795,56.56630782312925,57.08086564625851,546.7617346938775,5.1680527210884355,97.62495255102041,4969.028741496599,8.513931888544892,8.513931888544892
100017,San Salvador,Apopa,13.8058,-89.1783,"Analytics, Auth, Billing, Mobile, Notifications",131,514,50,50,38297,12.61269034354689,6.401694677871148,58.42110723514212,57.388804478897505,524.6561584840654,5.059762273901809,97.45941813092162,5155.574031007752,9.72762645914397,9.72762645914397
100018,La Libertad,Antiguo Cuscatlán,13.6733,-89.2536,"Analytics, Auth, Billing, Data Pipeline, Mobile, Notifications",170,667,69,69,49267,12.671310245310245,6.888428270042194,57.10732798931196,56.84925016700067,521.6122244488978,5.049458917835671,97.42395056780228,4997.2780561122245,10.344827586206897,10.344827586206897
100019,La Libertad,Colón (Lourdes),13.7258,-89.3667,"Analytics, Auth, Billing, Mobile, Notifications",146,561,44,44,45718,13.120501222493887,6.742644927536232,56.81355514096186,58.281082089552235,528.3901326699835,5.151759950248756,97.51349046434494,4925.947139303483,7.8431372549019605,7.8431372549019605
100020,Santa Ana,Metapán,14.3311,-89.4447,"Analytics, Auth, Billing, Data Pipeline, Mobile, Notifications",158,587,52,52,47094,12.39469700647249,6.332602739726027,57.702269264069265,57.3006670995671,541.2441125541126,4.98507316017316,97.49121264069264,5189.179696969697,8.858603066439523,8.858603066439523
100021,Santa Ana,Chalchuapa,13.9856,-89.6806,"Analytics, Auth, Billing, Data Pipeline, Mobile, Notifications",208,709,58,58,59944,12.409826612903226,6.128011049723757,58.32390862573099,56.90417214912281,523.395321637427,5.149821271929825,97.44771268274854,5170.600292397661,8.180535966149506,8.180535966149506
100022,Sonsonate,Izalco,13.7431,-89.6731,"Analytics, Auth, Billing, Data Pipeline, Mobile, Notifications",190,704,62,62,54018,12.043338373655914,6.089088397790055,57.91237232574189,58.029057971014495,519.620082815735,5.291437198067634,97.54419944789511,5284.179089026915,8.806818181818182,8.806818181818182
100023,Usulután,Jiquilisco,13.315,-88.5839,"Analytics, Auth, Billing, Mobile, Notifications",159,542,62,62,52649,12.63578354978355,6.521244131455399,59.32422587064677,56.27164577114428,532.0519402985075,4.9861268656716415,97.41120830845772,5080.188656716417,11.439114391143912,11.439114391143912
100024,San Miguel,Ciudad Barrios,13.7631,-88.2614,"Analytics, Auth, Billing, Data Pipeline, Mobile, Notifications",154,608,61,61,45739,12.64256240657698,6.295060827250608,56.45695195195195,56.8077271021021,526.2389264264265,5.274859234234234,97.42746959459458,4952.098348348348,10.032894736842106,10.032894736842106
100025,La Libertad,Puerto de La Libertad,13.4883,-89.32,"Analytics, Auth, Billing, Data Pipeline, Mobile, Notifications",199,706,63,63,58144,12.645890625,6.250154142581888,56.21869737750173,58.34442891649413,519.2565562456866,5.0804986197377495,97.4162261904762,4929.089544513457,8.923512747875353,8.923512747875353
